{"cameraMode":{"drawMode":0,"name":"Shaded","section":"Shading Mode"},"sceneLighting":false,"audioPlay":false,"sceneViewState":{"showFog":false,"showMaterialUpdate":false,"showSkybox":false,"showFlares":false,"showImageEffects":false,"showParticleSystems":false},"in2DMode":false,"pivot":{"x":1.0356475114822388,"y":0.00890292227268219,"z":-0.04473280906677246},"rotation":{"x":-0.330535888671875,"y":-0.11092366278171539,"z":0.03916916996240616,"w":-0.9364717602729797},"size":0.774894118309021,"orthographic":false}