{"cameraMode":{"drawMode":0,"name":"Shaded","section":"Shading Mode"},"sceneLighting":false,"audioPlay":false,"sceneViewState":{"showFog":false,"showMaterialUpdate":false,"showSkybox":false,"showFlares":false,"showImageEffects":false,"showParticleSystems":false},"in2DMode":false,"pivot":{"x":12.883516311645508,"y":-3.620398998260498,"z":15.210006713867188},"rotation":{"x":-0.330535888671875,"y":-0.11092366278171539,"z":0.03916916996240616,"w":-0.9364717602729797},"size":1.745497465133667,"orthographic":false}