{"cameraMode":{"drawMode":0,"name":"Shaded","section":"Shading Mode"},"sceneLighting":false,"audioPlay":false,"sceneViewState":{"showFog":false,"showMaterialUpdate":false,"showSkybox":false,"showFlares":false,"showImageEffects":false,"showParticleSystems":false},"in2DMode":false,"pivot":{"x":1.2100695371627808,"y":0.1014895886182785,"z":0.036284804344177249},"rotation":{"x":-0.330535888671875,"y":-0.11092366278171539,"z":0.03916916996240616,"w":-0.9364717602729797},"size":1.640954852104187,"orthographic":false}