{"cameraMode":{"drawMode":0,"name":"Shaded","section":"Shading Mode"},"sceneLighting":false,"audioPlay":false,"sceneViewState":{"showFog":false,"showMaterialUpdate":false,"showSkybox":false,"showFlares":false,"showImageEffects":false,"showParticleSystems":false},"in2DMode":false,"pivot":{"x":-0.05349844694137573,"y":-0.1815289407968521,"z":-0.1376938819885254},"rotation":{"x":-0.330535888671875,"y":-0.11092366278171539,"z":0.03916916996240616,"w":-0.9364717602729797},"size":1.7660255432128907,"orthographic":false}