{"cameraMode":{"drawMode":0,"name":"Shaded","section":"Shading Mode"},"sceneLighting":false,"audioPlay":false,"sceneViewState":{"showFog":false,"showMaterialUpdate":false,"showSkybox":false,"showFlares":false,"showImageEffects":false,"showParticleSystems":false},"in2DMode":false,"pivot":{"x":9.910003662109375,"y":1.279998779296875,"z":8.329999923706055},"rotation":{"x":-0.330535888671875,"y":-0.11092366278171539,"z":0.03916916996240616,"w":-0.9364717602729797},"size":0.8838834762573242,"orthographic":false}